{
  "LOYO_base_Ridge": {
    "R2": 0.5634840630930369,
    "RMSE": 45.68629982392881,
    "MAE": 36.26824207626565,
    "MAPE": 5.201658778588981,
    "NSE": 0.5634840630930369,
    "Tobit_MSE": 2075.922976410075
  },
  "LOYO_base_RF": {
    "R2": 0.5787923636872943,
    "RMSE": 44.87805759354416,
    "MAE": 36.404214437819,
    "MAPE": 5.227099849945354,
    "NSE": 0.5787923636872943,
    "Tobit_MSE": 2014.0400533694672
  },
  "LOYO_base_XGB": {
    "R2": 0.4871854352977594,
    "RMSE": 49.518343616296576,
    "MAE": 39.3692143366887,
    "MAPE": 5.63728271846722,
    "NSE": 0.4871854352977594,
    "Tobit_MSE": 2450.853845863302
  },
  "LOYO_Stacking": {
    "R2": 0.6074007741592337,
    "RMSE": 43.3272029008914,
    "MAE": 34.0738387364792,
    "MAPE": 4.897799595874605,
    "NSE": 0.6074007741592337,
    "Tobit_MSE": 1877.2465112150119
  },
  "Holdout_2024_2025": {
    "R2": 0.7011833960125793,
    "RMSE": 31.722102821565883,
    "MAE": 20.460411506429757,
    "MAPE": 2.8365253776222685,
    "NSE": 0.7011833960125793,
    "Tobit_MSE": 1006.2918074219981
  },
  "Residual_std": 43.32720290089139,
  "Censored_ratio": 0.2153846153846154
}